route_name,route_link,state_name
Bangalore to Kozhikode,https://www.redbus.in/bus-tickets/bangalore-to-kozhikode,KSRTC-KERALA
Kozhikode to Bangalore,https://www.redbus.in/bus-tickets/kozhikode-to-bangalore,KSRTC-KERALA
Kozhikode to Ernakulam,https://www.redbus.in/bus-tickets/kozhikode-to-ernakulam,KSRTC-KERALA
Ernakulam to Kozhikode,https://www.redbus.in/bus-tickets/ernakulam-to-kozhikode,KSRTC-KERALA
Bangalore to Kannur,https://www.redbus.in/bus-tickets/bangalore-to-kannur,KSRTC-KERALA
Kozhikode to Mysore,https://www.redbus.in/bus-tickets/kozhikode-to-mysore,KSRTC-KERALA
Kannur to Bangalore,https://www.redbus.in/bus-tickets/kannur-to-bangalore,KSRTC-KERALA
Kozhikode to Thiruvananthapuram,https://www.redbus.in/bus-tickets/kozhikode-to-thiruvananthapuram,KSRTC-KERALA
Mysore to Kozhikode,https://www.redbus.in/bus-tickets/mysore-to-kozhikode,KSRTC-KERALA
Bangalore to Kalpetta (kerala),https://www.redbus.in/bus-tickets/bangalore-to-kalpetta,KSRTC-KERALA
Kalpetta (kerala) to Bangalore,https://www.redbus.in/bus-tickets/kalpetta-to-bangalore,KSRTC-KERALA
Thiruvananthapuram to Kozhikode,https://www.redbus.in/bus-tickets/thiruvananthapuram-to-kozhikode,KSRTC-KERALA
Kozhikode to Thrissur,https://www.redbus.in/bus-tickets/kozhikode-to-thrissur,KSRTC-KERALA
Kozhikode to Kottayam,https://www.redbus.in/bus-tickets/kozhikode-to-kottayam,KSRTC-KERALA
Kottayam to Kozhikode,https://www.redbus.in/bus-tickets/kottayam-to-kozhikode,KSRTC-KERALA
Hyderabad to Vijayawada,https://www.redbus.in/bus-tickets/hyderabad-to-vijayawada,APSRTC-Andhra
Vijayawada to Hyderabad,https://www.redbus.in/bus-tickets/vijayawada-to-hyderabad,APSRTC-Andhra
Hyderabad to Ongole,https://www.redbus.in/bus-tickets/hyderabad-to-ongole,APSRTC-Andhra
Kakinada to Visakhapatnam,https://www.redbus.in/bus-tickets/kakinada-to-visakhapatnam,APSRTC-Andhra
Bangalore to Tirupati,https://www.redbus.in/bus-tickets/bangalore-to-tirupathi,APSRTC-Andhra
Bangalore to Kadapa,https://www.redbus.in/bus-tickets/bangalore-to-kadapa,APSRTC-Andhra
Ongole to Hyderabad,https://www.redbus.in/bus-tickets/ongole-to-hyderabad,APSRTC-Andhra
Kadapa to Bangalore,https://www.redbus.in/bus-tickets/kadapa-to-bangalore,APSRTC-Andhra
Chittoor (Andhra Pradesh) to Bangalore,https://www.redbus.in/bus-tickets/chittoor-andhra-pradesh-to-bangalore,APSRTC-Andhra
Visakhapatnam to Kakinada,https://www.redbus.in/bus-tickets/visakhapatnam-to-kakinada,APSRTC-Andhra
Bangalore to Anantapur (andhra pradesh),https://www.redbus.in/bus-tickets/bangalore-to-ananthapur,APSRTC-Andhra
Bangalore to Chittoor (Andhra Pradesh),https://www.redbus.in/bus-tickets/bangalore-to-chittoor-andhra-pradesh,APSRTC-Andhra
Anantapur (andhra pradesh) to Bangalore,https://www.redbus.in/bus-tickets/ananthapur-to-bangalore,APSRTC-Andhra
Hyderabad to Kurnool,https://www.redbus.in/bus-tickets/hyderabad-to-kurnool,APSRTC-Andhra
Tirupati to Bangalore,https://www.redbus.in/bus-tickets/tirupathi-to-bangalore,APSRTC-Andhra
Narasaraopet to Hyderabad,https://www.redbus.in/bus-tickets/narsaraopet-to-hyderabad,APSRTC-Andhra
Vinukonda to Hyderabad,https://www.redbus.in/bus-tickets/vinukonda-to-hyderabad,APSRTC-Andhra
Hyderabad to Vinukonda,https://www.redbus.in/bus-tickets/hyderabad-to-vinukonda,APSRTC-Andhra
Visakhapatnam to Vijayawada,https://www.redbus.in/bus-tickets/visakhapatnam-to-vijayawada,APSRTC-Andhra
Bangalore to Rayachoti,https://www.redbus.in/bus-tickets/bangalore-to-rayachoti,APSRTC-Andhra
Hyderabad to Vijayawada,https://www.redbus.in/bus-tickets/hyderabad-to-vijayawada,TSRTC-Telangana
Khammam to Hyderabad,https://www.redbus.in/bus-tickets/khammam-to-hyderabad,TSRTC-Telangana
Hyderabad to Khammam,https://www.redbus.in/bus-tickets/hyderabad-to-khammam,TSRTC-Telangana
Hyderabad to Srisailam,https://www.redbus.in/bus-tickets/hyderabad-to-srisailam,TSRTC-Telangana
Karimnagar to Hyderabad,https://www.redbus.in/bus-tickets/karimnagar-to-hyderabad,TSRTC-Telangana
Hyderabad to Karimnagar,https://www.redbus.in/bus-tickets/hyderabad-to-karimnagar,TSRTC-Telangana
Hyderabad to Mancherial,https://www.redbus.in/bus-tickets/hyderabad-to-mancherial,TSRTC-Telangana
Hyderabad to Nirmal,https://www.redbus.in/bus-tickets/hyderabad-to-nirmal,TSRTC-Telangana
Hyderabad to Adilabad,https://www.redbus.in/bus-tickets/hyderabad-to-adilabad,TSRTC-Telangana
Hyderabad to Ongole,https://www.redbus.in/bus-tickets/hyderabad-to-ongole,TSRTC-Telangana
Kothagudem to Hyderabad,https://www.redbus.in/bus-tickets/kothagudem-to-hyderabad,TSRTC-Telangana
Guntur (Andhra Pradesh) to Hyderabad,https://www.redbus.in/bus-tickets/guntur-to-hyderabad,TSRTC-Telangana
Hyderabad to Guntur (Andhra Pradesh),https://www.redbus.in/bus-tickets/hyderabad-to-guntur,TSRTC-Telangana
Godavarikhani to Hyderabad,https://www.redbus.in/bus-tickets/godavarikhani-to-hyderabad,TSRTC-Telangana
Hyderabad to Kothagudem,https://www.redbus.in/bus-tickets/hyderabad-to-kothagudem,TSRTC-Telangana
Hyderabad to Sathupally,https://www.redbus.in/bus-tickets/hyderabad-to-sathupalli,TSRTC-Telangana
Hyderabad to Warangal,https://www.redbus.in/bus-tickets/hyderabad-to-warangal,TSRTC-Telangana
Kodad to Hyderabad,https://www.redbus.in/bus-tickets/kodad-to-hyderabad,TSRTC-Telangana
Jagityal to Hyderabad,https://www.redbus.in/bus-tickets/jagityal-to-hyderabad,TSRTC-Telangana
Hyderabad to Bhadrachalam,https://www.redbus.in/bus-tickets/hyderabad-to-bhadrachalam,TSRTC-Telangana
Pune to Goa,https://www.redbus.in/bus-tickets/pune-to-goa,KTCL-Goa
Goa to Pune,https://www.redbus.in/bus-tickets/goa-to-pune,KTCL-Goa
Mumbai to Goa,https://www.redbus.in/bus-tickets/mumbai-to-goa,KTCL-Goa
Bangalore to Goa,https://www.redbus.in/bus-tickets/bangalore-to-goa,KTCL-Goa
Goa to Bangalore,https://www.redbus.in/bus-tickets/goa-to-bangalore,KTCL-Goa
Goa to Mumbai,https://www.redbus.in/bus-tickets/goa-to-mumbai,KTCL-Goa
Pandharpur to Goa,https://www.redbus.in/bus-tickets/pandharpur-to-goa,KTCL-Goa
Goa to Pandharpur,https://www.redbus.in/bus-tickets/goa-to-pandharpur,KTCL-Goa
Solapur to Goa,https://www.redbus.in/bus-tickets/solapur-to-goa,KTCL-Goa
Calangute (goa) to Goa Airport,https://www.redbus.in/bus-tickets/calangute-goa-to-goa-airport,KTCL-Goa
Goa to Kolhapur(Maharashtra),https://www.redbus.in/bus-tickets/goa-to-kolhapur-maharashtra,KTCL-Goa
Goa to Solapur,https://www.redbus.in/bus-tickets/goa-to-solapur,KTCL-Goa
Goa to Sangli,https://www.redbus.in/bus-tickets/goa-to-sangli,KTCL-Goa
Goa Airport to Calangute (goa),https://www.redbus.in/bus-tickets/goa-airport-to-calangute-goa,KTCL-Goa
Goa to Sangola (Solapur),https://www.redbus.in/bus-tickets/goa-to-sangola,KTCL-Goa
Sangola (Solapur) to Goa,https://www.redbus.in/bus-tickets/sangola-to-goa,KTCL-Goa
Mopa Airport to Calangute (goa),https://www.redbus.in/bus-tickets/mopa-airport-to-calangute-goa,KTCL-Goa
Calangute (goa) to Mopa Airport,https://www.redbus.in/bus-tickets/calangute-goa-to-mopa-airport,KTCL-Goa
Goa to Mopa Airport,https://www.redbus.in/bus-tickets/goa-to-mopa-airport,KTCL-Goa
Goa to Miraj,https://www.redbus.in/bus-tickets/goa-to-miraj,KTCL-Goa
Udaipur to Jodhpur,https://www.redbus.in/bus-tickets/udaipur-to-jodhpur,RSTC-Rajasthan
Jodhpur to Ajmer,https://www.redbus.in/bus-tickets/jodhpur-to-ajmer,RSTC-Rajasthan
Beawar (Rajasthan) to Jaipur (Rajasthan),https://www.redbus.in/bus-tickets/beawer-to-jaipur,RSTC-Rajasthan
Sikar to Jaipur (Rajasthan),https://www.redbus.in/bus-tickets/sikar-to-jaipur,RSTC-Rajasthan
Jaipur (Rajasthan) to Jodhpur,https://www.redbus.in/bus-tickets/jaipur-to-jodhpur,RSTC-Rajasthan
Aligarh (uttar pradesh) to Jaipur (Rajasthan),https://www.redbus.in/bus-tickets/aligarh-uttar-pradesh-to-jaipur,RSTC-Rajasthan
Jaipur (Rajasthan) to Aligarh (uttar pradesh),https://www.redbus.in/bus-tickets/jaipur-to-aligarh-uttar-pradesh,RSTC-Rajasthan
Jodhpur to Beawar (Rajasthan),https://www.redbus.in/bus-tickets/jodhpur-to-beawer,RSTC-Rajasthan
Jaipur (Rajasthan) to Pilani,https://www.redbus.in/bus-tickets/jaipur-to-pilani,RSTC-Rajasthan
Kishangarh to Jaipur (Rajasthan),https://www.redbus.in/bus-tickets/kishangarh-to-jaipur,RSTC-Rajasthan
Pali (Rajasthan) to Udaipur,https://www.redbus.in/bus-tickets/pali-to-udaipur,RSTC-Rajasthan
Udaipur to Pali (Rajasthan),https://www.redbus.in/bus-tickets/udaipur-to-pali-rajasthan,RSTC-Rajasthan
Kota(Rajasthan) to Udaipur,https://www.redbus.in/bus-tickets/kota-rajasthan-to-udaipur,RSTC-Rajasthan
Jaipur (Rajasthan) to Bhilwara,https://www.redbus.in/bus-tickets/jaipur-to-bhilwara,RSTC-Rajasthan
Sikar to Bikaner,https://www.redbus.in/bus-tickets/sikar-to-bikaner,RSTC-Rajasthan
Jaipur (Rajasthan) to Bharatpur,https://www.redbus.in/bus-tickets/jaipur-to-bharatpur,RSTC-Rajasthan
Jaipur (Rajasthan) to Mathura,https://www.redbus.in/bus-tickets/jaipur-to-mathura,RSTC-Rajasthan
Jaipur (Rajasthan) to Kota(Rajasthan),https://www.redbus.in/bus-tickets/jaipur-to-kota-rajasthan,RSTC-Rajasthan
Durgapur to Calcutta,https://www.redbus.in/bus-tickets/durgapur-to-kolkata,SBSTC-South Bengal
Kolkata to Burdwan,https://www.redbus.in/bus-tickets/kolkata-to-burdwan,SBSTC-South Bengal
Haldia to Calcutta,https://www.redbus.in/bus-tickets/haldia-to-kolkata,SBSTC-South Bengal
Kolkata to Haldia,https://www.redbus.in/bus-tickets/kolkata-to-haldia,SBSTC-South Bengal
Kolkata to Durgapur (West Bengal),https://www.redbus.in/bus-tickets/kolkata-to-durgapur,SBSTC-South Bengal
Kolkata to Arambagh (West Bengal),https://www.redbus.in/bus-tickets/kolkata-to-arambagh-west-bengal,SBSTC-South Bengal
Midnapore to Kolkata,https://www.redbus.in/bus-tickets/midnapore-to-kolkata,SBSTC-South Bengal
Kolkata to Digha,https://www.redbus.in/bus-tickets/kolkata-to-digha,SBSTC-South Bengal
Digha to Calcutta,https://www.redbus.in/bus-tickets/digha-to-kolkata,SBSTC-South Bengal
Kolkata to Bankura,https://www.redbus.in/bus-tickets/kolkata-to-bankura,SBSTC-South Bengal
Kolkata to Midnapore,https://www.redbus.in/bus-tickets/kolkata-to-midnapore,SBSTC-South Bengal
Kolkata to Asansol (West Bengal),https://www.redbus.in/bus-tickets/kolkata-to-asansol,SBSTC-South Bengal
Kolkata to Nimtouri,https://www.redbus.in/bus-tickets/kolkata-to-nimtouri,SBSTC-South Bengal
Jhargram to Kolkata,https://www.redbus.in/bus-tickets/jhargram-to-kolkata,SBSTC-South Bengal
Kolkata to Contai (Kanthi),https://www.redbus.in/bus-tickets/kolkata-to-contai-kanthi,SBSTC-South Bengal
Kolkata to Kolaghat,https://www.redbus.in/bus-tickets/kolkata-to-kolaghat,SBSTC-South Bengal
Kolkata to Nandakumar (west bengal),https://www.redbus.in/bus-tickets/kolkata-to-nandakumar,SBSTC-South Bengal
Kolkata to Mecheda (West Bengal),https://www.redbus.in/bus-tickets/kolkata-to-mecheda-west-bengal,SBSTC-South Bengal
Digha to Durgapur (West Bengal),https://www.redbus.in/bus-tickets/digha-to-durgapur,SBSTC-South Bengal
Midnapore to Barasat (West Bengal),https://www.redbus.in/bus-tickets/midnapore-to-barasat-west-bengal,SBSTC-South Bengal
Delhi to Shimla,https://www.redbus.in/bus-tickets/delhi-to-shimla,HRTC-Himachal
Chandigarh to Hamirpur (Himachal Pradesh),https://www.redbus.in/bus-tickets/chandigarh-to-hamirpur-himachal-pradesh,HRTC-Himachal
Hamirpur (Himachal Pradesh) to Chandigarh,https://www.redbus.in/bus-tickets/hamirpur-himachal-pradesh-to-chandigarh,HRTC-Himachal
Shimla to Delhi,https://www.redbus.in/bus-tickets/shimla-to-delhi,HRTC-Himachal
Delhi to Chandigarh,https://www.redbus.in/bus-tickets/delhi-to-chandigarh,HRTC-Himachal
Hamirpur (Himachal Pradesh) to Delhi,https://www.redbus.in/bus-tickets/hamirpur-himachal-pradesh-to-delhi,HRTC-Himachal
Chamba (Himachal Pradesh) to Chandigarh,https://www.redbus.in/bus-tickets/chamba-himachal-pradesh-to-chandigarh,HRTC-Himachal
Delhi to Hamirpur (Himachal Pradesh),https://www.redbus.in/bus-tickets/delhi-to-hamirpur-himachal-pradesh,HRTC-Himachal
Chandigarh to Dharamshala (Himachal Pradesh),https://www.redbus.in/bus-tickets/chandigarh-to-dharamshala,HRTC-Himachal
Delhi to Chamba (Himachal Pradesh),https://www.redbus.in/bus-tickets/delhi-to-chamba-himachal-pradesh,HRTC-Himachal
Chamba (Himachal Pradesh) to Delhi,https://www.redbus.in/bus-tickets/chamba-himachal-pradesh-to-delhi,HRTC-Himachal
Kangra to Chandigarh,https://www.redbus.in/bus-tickets/kangra-to-chandigarh,HRTC-Himachal
Shimla to Chandigarh,https://www.redbus.in/bus-tickets/shimla-to-chandigarh,HRTC-Himachal
Delhi to Baddi (Himachal Pradesh),https://www.redbus.in/bus-tickets/delhi-to-baddi-himachal-pradesh,HRTC-Himachal
Delhi to Solan,https://www.redbus.in/bus-tickets/delhi-to-solan,HRTC-Himachal
Delhi to Nalagarh,https://www.redbus.in/bus-tickets/delhi-to-nalagarh,HRTC-Himachal
Dharamshala (Himachal Pradesh) to Chandigarh,https://www.redbus.in/bus-tickets/dharamshala-to-chandigarh,HRTC-Himachal
Palampur to Chandigarh,https://www.redbus.in/bus-tickets/palampur-to-chandigarh,HRTC-Himachal
Ghumarwin to Delhi,https://www.redbus.in/bus-tickets/ghumarwin-to-delhi,HRTC-Himachal
Chandigarh to Kangra,https://www.redbus.in/bus-tickets/chandigarh-to-kangra,HRTC-Himachal
Tezpur to Guwahati,https://www.redbus.in/bus-tickets/tezpur-to-guwahati,ASTC-Assam
Guwahati to Tezpur,https://www.redbus.in/bus-tickets/guwahati-to-tezpur,ASTC-Assam
Guwahati to Nagaon (Assam),https://www.redbus.in/bus-tickets/guwahati-to-nagaon,ASTC-Assam
Nagaon (Assam) to Guwahati,https://www.redbus.in/bus-tickets/nagaon-to-guwahati,ASTC-Assam
Goalpara to Guwahati,https://www.redbus.in/bus-tickets/goalpara-to-guwahati,ASTC-Assam
Jorhat to North Lakhimpur,https://www.redbus.in/bus-tickets/jorhat-to-north-lakhimpur,ASTC-Assam
Dhubri to Guwahati,https://www.redbus.in/bus-tickets/dhubri-to-guwahati,ASTC-Assam
Jorhat to Dibrugarh,https://www.redbus.in/bus-tickets/jorhat-to-dibrugarh,ASTC-Assam
North Lakhimpur to Jorhat,https://www.redbus.in/bus-tickets/north-lakhimpur-to-jorhat,ASTC-Assam
North Lakhimpur to Sibsagar,https://www.redbus.in/bus-tickets/north-lakhimpur-to-sibsagar,ASTC-Assam
Guwahati to Dhubri,https://www.redbus.in/bus-tickets/guwahati-to-dhubri,ASTC-Assam
Dhekiajuli to Guwahati,https://www.redbus.in/bus-tickets/dhekiajuli-to-guwahati,ASTC-Assam
Sibsagar to North Lakhimpur,https://www.redbus.in/bus-tickets/sibsagar-to-north-lakhimpur,ASTC-Assam
Dibrugarh to Jorhat,https://www.redbus.in/bus-tickets/dibrugarh-to-jorhat,ASTC-Assam
Jorhat to Dhemaji,https://www.redbus.in/bus-tickets/jorhat-to-dhemaji,ASTC-Assam
Jorhat to Tinsukia,https://www.redbus.in/bus-tickets/jorhat-to-tinsukia,ASTC-Assam
Tezpur to Dibrugarh,https://www.redbus.in/bus-tickets/tezpur-to-dibrugarh,ASTC-Assam
Dhemaji to Jorhat,https://www.redbus.in/bus-tickets/dhemaji-to-jorhat,ASTC-Assam
North Lakhimpur to Tezpur,https://www.redbus.in/bus-tickets/north-lakhimpur-to-tezpur,ASTC-Assam
Guwahati to Biswanath Charali,https://www.redbus.in/bus-tickets/guwahati-to-biswanath-charali,ASTC-Assam
Delhi to Bareilly,https://www.redbus.in/bus-tickets/delhi-to-bareilly,UPSTC-Uttar Pradesh
Bareilly to Delhi,https://www.redbus.in/bus-tickets/bareilly-to-delhi,UPSTC-Uttar Pradesh
Aligarh (uttar pradesh) to Delhi,https://www.redbus.in/bus-tickets/aligarh-uttar-pradesh-to-delhi,UPSTC-Uttar Pradesh
Delhi to Aligarh (uttar pradesh),https://www.redbus.in/bus-tickets/delhi-to-aligarh-uttar-pradesh,UPSTC-Uttar Pradesh
Lucknow to Allahabad,https://www.redbus.in/bus-tickets/lucknow-to-allahabad,UPSTC-Uttar Pradesh
Lucknow to Delhi,https://www.redbus.in/bus-tickets/lucknow-to-delhi,UPSTC-Uttar Pradesh
Delhi to Farrukhabad (Uttar Pradesh),https://www.redbus.in/bus-tickets/delhi-to-farrukhabad-up,UPSTC-Uttar Pradesh
Farrukhabad (Uttar Pradesh) to Delhi,https://www.redbus.in/bus-tickets/farrukhabad-up-to-delhi,UPSTC-Uttar Pradesh
Badaun to Delhi,https://www.redbus.in/bus-tickets/badaun-to-delhi,UPSTC-Uttar Pradesh
Allahabad to Lucknow,https://www.redbus.in/bus-tickets/allahabad-to-lucknow,UPSTC-Uttar Pradesh
Lucknow to Agra,https://www.redbus.in/bus-tickets/lucknow-to-agra,UPSTC-Uttar Pradesh
Sitapur (Uttar Pradesh) to Delhi,https://www.redbus.in/bus-tickets/sitapur-to-delhi,UPSTC-Uttar Pradesh
Delhi to Badaun,https://www.redbus.in/bus-tickets/delhi-to-badaun,UPSTC-Uttar Pradesh
Delhi to Sitapur (Uttar Pradesh),https://www.redbus.in/bus-tickets/delhi-to-sitapur,UPSTC-Uttar Pradesh
Agra to Delhi,https://www.redbus.in/bus-tickets/agra-to-delhi,UPSTC-Uttar Pradesh
Delhi to Moradabad,https://www.redbus.in/bus-tickets/delhi-to-moradabad,UPSTC-Uttar Pradesh
Delhi to Lucknow,https://www.redbus.in/bus-tickets/delhi-to-lucknow,UPSTC-Uttar Pradesh
Agra to Lucknow,https://www.redbus.in/bus-tickets/agra-to-lucknow,UPSTC-Uttar Pradesh
Lucknow to Varanasi,https://www.redbus.in/bus-tickets/lucknow-to-varanasi,UPSTC-Uttar Pradesh
Agra to Bareilly,https://www.redbus.in/bus-tickets/agra-to-bareilly,UPSTC-Uttar Pradesh
Digha to Barasat (West Bengal),https://www.redbus.in/bus-tickets/digha-to-barasat-west-bengal,WBTC-West Bengal
Durgapur to Calcutta,https://www.redbus.in/bus-tickets/durgapur-to-kolkata,WBTC-West Bengal
Digha to Calcutta,https://www.redbus.in/bus-tickets/digha-to-kolkata,WBTC-West Bengal
Kolkata to Digha,https://www.redbus.in/bus-tickets/kolkata-to-digha,WBTC-West Bengal
Barasat (West Bengal) to Digha,https://www.redbus.in/bus-tickets/barasat-west-bengal-to-digha,WBTC-West Bengal
Kolkata to Suri,https://www.redbus.in/bus-tickets/kolkata-to-suri,WBTC-West Bengal
Barasat (West Bengal) to Midnapore,https://www.redbus.in/bus-tickets/barasat-west-bengal-to-midnapore,WBTC-West Bengal
Midnapore to Kolkata,https://www.redbus.in/bus-tickets/midnapore-to-kolkata,WBTC-West Bengal
Barasat (West Bengal) to Kolaghat,https://www.redbus.in/bus-tickets/barasat-west-bengal-to-kolaghat,WBTC-West Bengal
Barasat (West Bengal) to Contai (Kanthi),https://www.redbus.in/bus-tickets/barasat-west-bengal-to-contai-kanthi,WBTC-West Bengal
Habra to Digha,https://www.redbus.in/bus-tickets/habra-to-digha,WBTC-West Bengal
Barasat (West Bengal) to Nandakumar (west bengal),https://www.redbus.in/bus-tickets/barasat-west-bengal-to-nandakumar,WBTC-West Bengal
Kolkata to Durgapur (West Bengal),https://www.redbus.in/bus-tickets/kolkata-to-durgapur,WBTC-West Bengal
Digha to Habra,https://www.redbus.in/bus-tickets/digha-to-habra,WBTC-West Bengal
Midnapore to Barasat (West Bengal),https://www.redbus.in/bus-tickets/midnapore-to-barasat-west-bengal,WBTC-West Bengal
Kolkata to Bolpur (West Bengal),https://www.redbus.in/bus-tickets/kolkata-to-bolpur-west-bengal,WBTC-West Bengal
Barasat (West Bengal) to Durgapur (West Bengal),https://www.redbus.in/bus-tickets/barasat-west-bengal-to-durgapur,WBTC-West Bengal
Barasat (West Bengal) to Heria,https://www.redbus.in/bus-tickets/barasat-west-bengal-to-heria,WBTC-West Bengal
Haldia to Barasat (West Bengal),https://www.redbus.in/bus-tickets/haldia-to-barasat-west-bengal,WBTC-West Bengal
Barasat (West Bengal) to Haldia,https://www.redbus.in/bus-tickets/barasat-west-bengal-to-haldia,WBTC-West Bengal
